global_cog,EF,PS,age,edu_yrs,sex,HTN,HC,diabetes,smoking,dementia_3yr
0.7591258548788464,0.8769449685368842,0.7795387030653187,65.40872253497001,12.548806940077045,0.14360060928812066,0.9353281978249977,0.705312030459119,0.1273469826842826,0.5397184328264814,0.0
0.3399917315439287,1.02912798204222,-0.6691738285967463,59.41225130234301,11.24003907540284,0.3233925555344178,-0.03440831521211226,0.4702700642841898,-0.08359139174107809,0.4991446604462967,0.0
0.40808757735508583,-0.1499017165577092,0.2522311178333271,56.56979907213116,8.598860378284222,0.516979086180005,0.7934449321552506,0.7789146390447422,0.03820736015265328,0.6215436505461456,0.0
-1.6459057873579443,-2.047473338291942,-1.161600644188427,89.18746387208111,7.5295211374951,1.5476021050126347,0.1932531001946928,-0.8386310152265025,1.0513371091836619,-0.5407221472396359,1.0
-1.9836024312790472,-2.176866013603277,-2.065279955951549,85.27565932521108,5.619953148349875,0.7447288904612658,1.0610920861472122,0.8424481445728019,0.06185877798833395,0.2631565090129064,1.0
-2.062382664978584,-2.9998318471466634,-1.857305656368412,70.66405590951886,10.3647575361167,0.3463190831939649,0.8455801079008428,0.8881236235319188,0.7690412391227368,0.42434300914019296,1.0
-1.8239383062531345,-0.6640309820795818,-0.7046864193460809,85.94971223596858,7.431682347312142,0.9716111662054244,0.364588330452209,-0.3977123134208445,0.09132745117547908,0.29860756422581,1.0
-1.8286054377802565,-1.68175999200758,-1.7020870517273992,77.07173050029645,14.46282732072114,1.1857966434624345,1.1750367509541153,1.2973200332204304,0.5616925964471985,-0.2472058846069154,1.0
