age,edu_yrs,sex,HTN,HC,diabetes,smoking,dementia_3yr
57.895713624784584,10.93569137642267,0.4033483613643917,0.6076874259104919,0.49484855977364584,-0.1123193767440931,0.7441788117596787,0.0
78.66762307489047,-0.9316505028095303,0.3538123602261802,-0.9184231991490016,2.1117388288464682,-1.1429623064649443,1.0322679609263723,1.0
87.00155091955034,8.892529529313563,-0.6905946989888475,-0.5950485095332446,-0.5230953022683928,-0.49823590423366126,-1.157090134512182,1.0
85.0480150679353,8.91379010839918,-0.2613475050702937,1.2675346939333363,1.152564628497516,1.0257123647325315,-0.10250957379185606,1.0
83.31901274724868,2.4926333280886688,1.1178470007823735,0.8692743083310435,0.16520227057073744,0.03638055850091359,0.02197323104275973,1.0
86.6896550026458,10.880264304731677,0.8216307232506674,0.7417489192250325,0.8604926261968213,0.4832847093494911,0.4356792385654365,1.0
83.68673035823461,8.681758420699538,-0.6143615211677131,0.15478696800613645,1.4031338489065324,2.655065377602107,1.0472727102638046,1.0
81.47767019228945,8.045102663773323,-0.16662932895198362,0.7892840667632376,0.4363146031360112,1.6889967972949411,1.15029081999339,1.0
