SVDp,num_lacunes,mb_bin,TBV_ml,Trans_PSMD,age,edu_yrs,sex,HTN,HC,diabetes,smoking,dementia_3yr
0.04565926600155312,0.33382883588088197,0.15178201856747664,1099.1418340894195,-8.205605799024863,58.01214567287943,11.046312981125007,0.3391446761151446,0.7441538767183902,0.6538519290239743,0.09910186656069274,0.6891664224183557,0.0
0.7827367852447601,5.923541110874505,-0.3336213874963725,912.8668985481837,-7.883014764169404,77.26030665992657,-0.22757992870192645,-0.46221528392174577,-1.0706977607000772,1.6850954874684714,-0.26333813302395254,-1.0612014601656197,1.0
3.1200919750963645,6.5830572771688445,0.9966957882239114,1001.7723523370705,-7.501709072928461,81.60550269352788,10.337587017963406,0.02328572320043866,1.0876079311507556,1.1306674268786954,0.33428083191816876,0.8243745913343566,1.0
0.33024500274178237,-0.1735422232916648,0.1817264296275856,816.6337654970918,-7.990751897691157,85.86244848224477,1.2803938887317816,1.244282429260153,0.7870374949080067,0.15163929380953806,-0.07428699805616959,0.03095772513056684,1.0
2.8342656218167175,0.1180310783909414,-0.2449749302713717,878.6049379951833,-7.626985137598996,80.78636871019515,9.02947630142124,0.8284624236994154,0.8548645342440894,0.6453332308080302,0.6578971623044629,0.23735661830478624,1.0
0.5410236289748015,6.652088162632974,0.963905670841147,867.4371532308387,-7.655480626690859,84.63022080357894,0.5529895672222107,0.12893830790829594,0.8160155378601595,-0.22253042030206163,0.4279585578952875,-0.3845466357956611,1.0
