age,edu_yrs,sex,HTN,HC,diabetes,smoking,dementia_3yr
55.857600271138836,10.794243790262644,0.26677525893132675,0.4323994093668342,0.2986401682105051,-0.12332468643603386,1.0270971505124618,0
66.78881611219629,9.924814313910323,0.09799687905851012,0.5872967816389935,0.34326771438952514,-0.055152991920252366,0.7599575124966598,0
67.32812951910321,11.091495272715633,1.0473420164872627,0.5290503504548041,0.6619565038480629,0.418343605801991,0.6804184291605058,0
75.5071588429941,8.183853833104385,0.8702698072314586,0.5052783249931775,0.9538623551094585,0.3824156471796118,0.6165556527618264,1
